{
    "text": " Yeah.",
    "segments": [
        {
            "id": 0,
            "seek": 0,
            "start": 0.0,
            "end": 0.26,
            "text": " Yeah.",
            "tokens": [
                50364,
                865,
                13,
                50389
            ],
            "temperature": 0.0,
            "avg_logprob": -0.6642459392547607,
            "compression_ratio": 0.38461538461538464,
            "no_speech_prob": 0.3903579115867615,
            "words": [
                {
                    "word": " Yeah.",
                    "start": 0.0,
                    "end": 0.26,
                    "probability": 0.41439247131347656
                }
            ]
        }
    ],
    "language": "en"
}