{
    "text": " you",
    "segments": [
        {
            "id": 0,
            "seek": 0,
            "start": 0.0,
            "end": 0.04,
            "text": " you",
            "tokens": [
                50364,
                291,
                50464
            ],
            "temperature": 0.0,
            "avg_logprob": -0.9790246486663818,
            "compression_ratio": 0.2727272727272727,
            "no_speech_prob": 0.958560585975647,
            "words": [
                {
                    "word": " you",
                    "start": 0.0,
                    "end": 0.04,
                    "probability": 0.08789034932851791
                }
            ]
        }
    ],
    "language": "en"
}