{
    "text": " Thank you.",
    "segments": [
        {
            "id": 0,
            "seek": 0,
            "start": 0.0,
            "end": 0.08,
            "text": " Thank you.",
            "tokens": [
                50364,
                1044,
                291,
                13,
                50414
            ],
            "temperature": 0.0,
            "avg_logprob": -0.9052056471506754,
            "compression_ratio": 0.5555555555555556,
            "no_speech_prob": 0.8962176442146301,
            "words": [
                {
                    "word": " Thank",
                    "start": 0.0,
                    "end": 0.08,
                    "probability": 0.02230515331029892
                },
                {
                    "word": " you.",
                    "start": 0.08,
                    "end": 0.08,
                    "probability": 0.9620503783226013
                }
            ]
        }
    ],
    "language": "en"
}