{
    "text": " Thank you.",
    "segments": [
        {
            "id": 0,
            "seek": 0,
            "start": 0.0,
            "end": 0.14,
            "text": " Thank you.",
            "tokens": [
                50364,
                1044,
                291,
                13,
                50414
            ],
            "temperature": 0.0,
            "avg_logprob": -0.9433518250783285,
            "compression_ratio": 0.5555555555555556,
            "no_speech_prob": 0.9068770408630371,
            "words": [
                {
                    "word": " Thank",
                    "start": 0.0,
                    "end": 0.14,
                    "probability": 0.03075348772108555
                },
                {
                    "word": " you.",
                    "start": 0.14,
                    "end": 0.14,
                    "probability": 0.9832620620727539
                }
            ]
        }
    ],
    "language": "en"
}