{
    "text": " Thank you.",
    "segments": [
        {
            "id": 0,
            "seek": 0,
            "start": 0.0,
            "end": 0.08,
            "text": " Thank you.",
            "tokens": [
                50364,
                1044,
                291,
                13,
                50414
            ],
            "temperature": 0.0,
            "avg_logprob": -0.9948168595631918,
            "compression_ratio": 0.5555555555555556,
            "no_speech_prob": 0.9362900257110596,
            "words": [
                {
                    "word": " Thank",
                    "start": 0.0,
                    "end": 0.08,
                    "probability": 0.0347672663629055
                },
                {
                    "word": " you.",
                    "start": 0.08,
                    "end": 0.08,
                    "probability": 0.9744179248809814
                }
            ]
        }
    ],
    "language": "en"
}