{
    "text": " Thank you.",
    "segments": [
        {
            "id": 0,
            "seek": 0,
            "start": 0.0,
            "end": 0.12,
            "text": " Thank you.",
            "tokens": [
                50364,
                1044,
                291,
                13,
                50414
            ],
            "temperature": 0.0,
            "avg_logprob": -0.8520819346110026,
            "compression_ratio": 0.5555555555555556,
            "no_speech_prob": 0.7541374564170837,
            "words": [
                {
                    "word": " Thank",
                    "start": 0.0,
                    "end": 0.12,
                    "probability": 0.06998947262763977
                },
                {
                    "word": " you.",
                    "start": 0.12,
                    "end": 0.12,
                    "probability": 0.9789323210716248
                }
            ]
        }
    ],
    "language": "en"
}