{
    "text": " Thank you.",
    "segments": [
        {
            "id": 0,
            "seek": 0,
            "start": 0.0,
            "end": 0.4,
            "text": " Thank you.",
            "tokens": [
                50364,
                1044,
                291,
                13,
                50414
            ],
            "temperature": 0.0,
            "avg_logprob": -0.8400989373524984,
            "compression_ratio": 0.5555555555555556,
            "no_speech_prob": 0.5856317281723022,
            "words": [
                {
                    "word": " Thank",
                    "start": 0.0,
                    "end": 0.28,
                    "probability": 0.1216864213347435
                },
                {
                    "word": " you.",
                    "start": 0.28,
                    "end": 0.4,
                    "probability": 0.9881945848464966
                }
            ]
        }
    ],
    "language": "en"
}