{
    "text": " Thank you.",
    "segments": [
        {
            "id": 0,
            "seek": 0,
            "start": 0.0,
            "end": 0.34,
            "text": " Thank you.",
            "tokens": [
                50364,
                1044,
                291,
                13,
                50414
            ],
            "temperature": 0.0,
            "avg_logprob": -0.6985041300455729,
            "compression_ratio": 0.5555555555555556,
            "no_speech_prob": 0.846696138381958,
            "words": [
                {
                    "word": " Thank",
                    "start": 0.0,
                    "end": 0.32,
                    "probability": 0.11633026599884033
                },
                {
                    "word": " you.",
                    "start": 0.32,
                    "end": 0.34,
                    "probability": 0.9855269193649292
                }
            ]
        }
    ],
    "language": "en"
}