{
    "text": " the right to watch.",
    "segments": [
        {
            "id": 0,
            "seek": 0,
            "start": 0.0,
            "end": 0.56,
            "text": " the right to watch.",
            "tokens": [
                50364,
                264,
                558,
                281,
                1159,
                13,
                50464
            ],
            "temperature": 0.0,
            "avg_logprob": -0.9910116195678711,
            "compression_ratio": 0.7037037037037037,
            "no_speech_prob": 0.5805886387825012,
            "words": [
                {
                    "word": " the",
                    "start": 0.0,
                    "end": 0.22,
                    "probability": 0.12773261964321136
                },
                {
                    "word": " right",
                    "start": 0.22,
                    "end": 0.42,
                    "probability": 0.9000821113586426
                },
                {
                    "word": " to",
                    "start": 0.42,
                    "end": 0.56,
                    "probability": 0.798811674118042
                },
                {
                    "word": " watch.",
                    "start": 0.56,
                    "end": 0.56,
                    "probability": 0.1567593514919281
                }
            ]
        }
    ],
    "language": "en"
}