{
    "text": " you",
    "segments": [
        {
            "id": 0,
            "seek": 0,
            "start": 0.0,
            "end": 0.04,
            "text": " you",
            "tokens": [
                50364,
                291,
                50464
            ],
            "temperature": 0.0,
            "avg_logprob": -0.9781387448310852,
            "compression_ratio": 0.2727272727272727,
            "no_speech_prob": 0.9022213816642761,
            "words": [
                {
                    "word": " you",
                    "start": 0.0,
                    "end": 0.04,
                    "probability": 0.08760414272546768
                }
            ]
        }
    ],
    "language": "en"
}