{
    "text": " Thank you.",
    "segments": [
        {
            "id": 0,
            "seek": 0,
            "start": 0.19999999999999996,
            "end": 0.26,
            "text": " Thank you.",
            "tokens": [
                50364,
                1044,
                291,
                13,
                50414
            ],
            "temperature": 0.0,
            "avg_logprob": -0.9741069475809733,
            "compression_ratio": 0.5555555555555556,
            "no_speech_prob": 0.8588401675224304,
            "words": [
                {
                    "word": " Thank",
                    "start": 0.19999999999999996,
                    "end": 0.24,
                    "probability": 0.01727050170302391
                },
                {
                    "word": " you.",
                    "start": 0.24,
                    "end": 0.26,
                    "probability": 0.9815312623977661
                }
            ]
        }
    ],
    "language": "en"
}