{
    "text": " Hmm.",
    "segments": [
        {
            "id": 0,
            "seek": 0,
            "start": 0.0,
            "end": 0.2,
            "text": " Hmm.",
            "tokens": [
                50364,
                8239,
                13,
                50389
            ],
            "temperature": 0.0,
            "avg_logprob": -0.8481982231140137,
            "compression_ratio": 0.3333333333333333,
            "no_speech_prob": 0.7658317685127258,
            "words": [
                {
                    "word": " Hmm.",
                    "start": 0.0,
                    "end": 0.2,
                    "probability": 0.1654961258172989
                }
            ]
        }
    ],
    "language": "en"
}