{
    "text": " Yes.",
    "segments": [
        {
            "id": 0,
            "seek": 0,
            "start": 0.0,
            "end": 0.28,
            "text": " Yes.",
            "tokens": [
                50364,
                1079,
                13,
                50414
            ],
            "temperature": 0.0,
            "avg_logprob": -0.9696710586547852,
            "compression_ratio": 0.3333333333333333,
            "no_speech_prob": 0.6585306525230408,
            "words": [
                {
                    "word": " Yes.",
                    "start": 0.0,
                    "end": 0.28,
                    "probability": 0.1845366358757019
                }
            ]
        }
    ],
    "language": "en"
}