{
    "text": " Yeah, so",
    "segments": [
        {
            "id": 0,
            "seek": 0,
            "start": 0.0,
            "end": 0.84,
            "text": " Yeah, so",
            "tokens": [
                50364,
                865,
                11,
                370,
                50464
            ],
            "temperature": 0.0,
            "avg_logprob": -0.4881487290064494,
            "compression_ratio": 0.5,
            "no_speech_prob": 0.20313425362110138,
            "words": [
                {
                    "word": " Yeah,",
                    "start": 0.0,
                    "end": 0.28,
                    "probability": 0.2952067255973816
                },
                {
                    "word": " so",
                    "start": 0.52,
                    "end": 0.84,
                    "probability": 0.9842368960380554
                }
            ]
        }
    ],
    "language": "en"
}