{
    "text": " Okay.",
    "segments": [
        {
            "id": 0,
            "seek": 0,
            "start": 0.0,
            "end": 0.64,
            "text": " Okay.",
            "tokens": [
                50364,
                1033,
                13,
                50406
            ],
            "temperature": 0.0,
            "avg_logprob": -0.9736725807189941,
            "compression_ratio": 0.38461538461538464,
            "no_speech_prob": 0.46469298005104065,
            "words": [
                {
                    "word": " Okay.",
                    "start": 0.0,
                    "end": 0.64,
                    "probability": 0.1095634326338768
                }
            ]
        }
    ],
    "language": "en"
}