{
    "text": " Thank you.",
    "segments": [
        {
            "id": 0,
            "seek": 0,
            "start": 0.0,
            "end": 0.64,
            "text": " Thank you.",
            "tokens": [
                50364,
                1044,
                291,
                13,
                50414
            ],
            "temperature": 0.0,
            "avg_logprob": -0.8800699710845947,
            "compression_ratio": 0.5555555555555556,
            "no_speech_prob": 0.4019523561000824,
            "words": [
                {
                    "word": " Thank",
                    "start": 0.0,
                    "end": 0.5,
                    "probability": 0.10546144098043442
                },
                {
                    "word": " you.",
                    "start": 0.5,
                    "end": 0.64,
                    "probability": 0.9838818311691284
                }
            ]
        }
    ],
    "language": "en"
}