{
    "text": " Hmm.",
    "segments": [
        {
            "id": 0,
            "seek": 0,
            "start": 0.0,
            "end": 0.34,
            "text": " Hmm.",
            "tokens": [
                50364,
                8239,
                13,
                50389
            ],
            "temperature": 0.0,
            "avg_logprob": -0.7725064277648925,
            "compression_ratio": 0.3333333333333333,
            "no_speech_prob": 0.6893349289894104,
            "words": [
                {
                    "word": " Hmm.",
                    "start": 0.0,
                    "end": 0.34,
                    "probability": 0.31305208802223206
                }
            ]
        }
    ],
    "language": "en"
}