{
    "text": " you",
    "segments": [
        {
            "id": 0,
            "seek": 0,
            "start": 0.0,
            "end": 0.02,
            "text": " you",
            "tokens": [
                50364,
                291,
                50464
            ],
            "temperature": 0.0,
            "avg_logprob": -0.9830422401428223,
            "compression_ratio": 0.2727272727272727,
            "no_speech_prob": 0.9278307557106018,
            "words": [
                {
                    "word": " you",
                    "start": 0.0,
                    "end": 0.02,
                    "probability": 0.08594466000795364
                }
            ]
        }
    ],
    "language": "en"
}