{
    "text": " Thank you.",
    "segments": [
        {
            "id": 0,
            "seek": 0,
            "start": 0.0,
            "end": 0.18,
            "text": " Thank you.",
            "tokens": [
                50364,
                1044,
                291,
                13,
                50414
            ],
            "temperature": 0.0,
            "avg_logprob": -0.7139379978179932,
            "compression_ratio": 0.5555555555555556,
            "no_speech_prob": 0.6188859939575195,
            "words": [
                {
                    "word": " Thank",
                    "start": 0.0,
                    "end": 0.12,
                    "probability": 0.13389812409877777
                },
                {
                    "word": " you.",
                    "start": 0.12,
                    "end": 0.18,
                    "probability": 0.9888560175895691
                }
            ]
        }
    ],
    "language": "en"
}