{
    "text": " you",
    "segments": [
        {
            "id": 0,
            "seek": 0,
            "start": 0.0,
            "end": 0.06,
            "text": " you",
            "tokens": [
                50364,
                291,
                50464
            ],
            "temperature": 0.0,
            "avg_logprob": -0.9691402316093445,
            "compression_ratio": 0.2727272727272727,
            "no_speech_prob": 0.9276488423347473,
            "words": [
                {
                    "word": " you",
                    "start": 0.0,
                    "end": 0.06,
                    "probability": 0.07911425083875656
                }
            ]
        }
    ],
    "language": "en"
}