{
    "text": " you",
    "segments": [
        {
            "id": 0,
            "seek": 0,
            "start": 0.0,
            "end": 0.3,
            "text": " you",
            "tokens": [
                50364,
                291,
                50464
            ],
            "temperature": 0.0,
            "avg_logprob": -0.9002447724342346,
            "compression_ratio": 0.2727272727272727,
            "no_speech_prob": 0.8304436802864075,
            "words": [
                {
                    "word": " you",
                    "start": 0.0,
                    "end": 0.3,
                    "probability": 0.08403986692428589
                }
            ]
        }
    ],
    "language": "en"
}