{
    "text": " Thank you.",
    "segments": [
        {
            "id": 0,
            "seek": 0,
            "start": 0.17999999999999997,
            "end": 0.24,
            "text": " Thank you.",
            "tokens": [
                50364,
                1044,
                291,
                13,
                50414
            ],
            "temperature": 0.0,
            "avg_logprob": -0.9405176639556885,
            "compression_ratio": 0.5555555555555556,
            "no_speech_prob": 0.8415216207504272,
            "words": [
                {
                    "word": " Thank",
                    "start": 0.17999999999999997,
                    "end": 0.22,
                    "probability": 0.022011348977684975
                },
                {
                    "word": " you.",
                    "start": 0.22,
                    "end": 0.24,
                    "probability": 0.9841328859329224
                }
            ]
        }
    ],
    "language": "en"
}