{
    "text": " Thank you.",
    "segments": [
        {
            "id": 0,
            "seek": 0,
            "start": 0.10000000000000003,
            "end": 0.16,
            "text": " Thank you.",
            "tokens": [
                50364,
                1044,
                291,
                13,
                50414
            ],
            "temperature": 0.0,
            "avg_logprob": -0.8917382558186849,
            "compression_ratio": 0.5555555555555556,
            "no_speech_prob": 0.936659038066864,
            "words": [
                {
                    "word": " Thank",
                    "start": 0.10000000000000003,
                    "end": 0.14,
                    "probability": 0.03455140441656113
                },
                {
                    "word": " you.",
                    "start": 0.14,
                    "end": 0.16,
                    "probability": 0.9778103828430176
                }
            ]
        }
    ],
    "language": "en"
}