{
    "text": " I love above 50.",
    "segments": [
        {
            "id": 0,
            "seek": 0,
            "start": 0.0,
            "end": 1.02,
            "text": " I love above 50.",
            "tokens": [
                50364,
                286,
                959,
                3673,
                2625,
                13,
                50416
            ],
            "temperature": 0.0,
            "avg_logprob": -0.7751762270927429,
            "compression_ratio": 0.7619047619047619,
            "no_speech_prob": 0.20970818400382996,
            "words": [
                {
                    "word": " I",
                    "start": 0.0,
                    "end": 0.34,
                    "probability": 0.271413654088974
                },
                {
                    "word": " love",
                    "start": 0.34,
                    "end": 0.54,
                    "probability": 0.9658340811729431
                },
                {
                    "word": " above",
                    "start": 0.54,
                    "end": 0.76,
                    "probability": 0.3089818060398102
                },
                {
                    "word": " 50.",
                    "start": 0.76,
                    "end": 1.02,
                    "probability": 0.8391244411468506
                }
            ]
        }
    ],
    "language": "en"
}