{
    "text": " Thank you.",
    "segments": [
        {
            "id": 0,
            "seek": 0,
            "start": 0.0,
            "end": 0.26,
            "text": " Thank you.",
            "tokens": [
                50364,
                1044,
                291,
                13,
                50414
            ],
            "temperature": 0.0,
            "avg_logprob": -0.7099044322967529,
            "compression_ratio": 0.5555555555555556,
            "no_speech_prob": 0.7620062232017517,
            "words": [
                {
                    "word": " Thank",
                    "start": 0.0,
                    "end": 0.24,
                    "probability": 0.0808037742972374
                },
                {
                    "word": " you.",
                    "start": 0.24,
                    "end": 0.26,
                    "probability": 0.9893524050712585
                }
            ]
        }
    ],
    "language": "en"
}