{
    "text": " Thank you.",
    "segments": [
        {
            "id": 0,
            "seek": 0,
            "start": 0.33999999999999997,
            "end": 0.4,
            "text": " Thank you.",
            "tokens": [
                50364,
                1044,
                291,
                13,
                50414
            ],
            "temperature": 0.0,
            "avg_logprob": -0.8487053712209066,
            "compression_ratio": 0.5555555555555556,
            "no_speech_prob": 0.8502249121665955,
            "words": [
                {
                    "word": " Thank",
                    "start": 0.33999999999999997,
                    "end": 0.38,
                    "probability": 0.02997460402548313
                },
                {
                    "word": " you.",
                    "start": 0.38,
                    "end": 0.4,
                    "probability": 0.9855177402496338
                }
            ]
        }
    ],
    "language": "en"
}