{
    "text": " Mm-hmm.",
    "segments": [
        {
            "id": 0,
            "seek": 0,
            "start": 0.0,
            "end": 0.48,
            "text": " Mm-hmm.",
            "tokens": [
                50364,
                8266,
                12,
                10250,
                13,
                50389
            ],
            "temperature": 0.0,
            "avg_logprob": -0.7107506479535785,
            "compression_ratio": 0.4666666666666667,
            "no_speech_prob": 0.7309717535972595,
            "words": [
                {
                    "word": " Mm",
                    "start": 0.0,
                    "end": 0.34,
                    "probability": 0.2543852627277374
                },
                {
                    "word": "-hmm.",
                    "start": 0.34,
                    "end": 0.48,
                    "probability": 0.6010240018367767
                }
            ]
        }
    ],
    "language": "en"
}