{
    "text": " Thank you.",
    "segments": [
        {
            "id": 0,
            "seek": 0,
            "start": 0.0,
            "end": 0.4,
            "text": " Thank you.",
            "tokens": [
                50364,
                1044,
                291,
                13,
                50389
            ],
            "temperature": 0.0,
            "avg_logprob": -0.7077608903249105,
            "compression_ratio": 0.5555555555555556,
            "no_speech_prob": 0.6303939819335938,
            "words": [
                {
                    "word": " Thank",
                    "start": 0.0,
                    "end": 0.36,
                    "probability": 0.15826110541820526
                },
                {
                    "word": " you.",
                    "start": 0.36,
                    "end": 0.4,
                    "probability": 0.9913492202758789
                }
            ]
        }
    ],
    "language": "en"
}