{
    "text": " Thank you.",
    "segments": [
        {
            "id": 0,
            "seek": 0,
            "start": 0.0,
            "end": 0.46,
            "text": " Thank you.",
            "tokens": [
                50364,
                1044,
                291,
                13,
                50389
            ],
            "temperature": 0.0,
            "avg_logprob": -0.8863279819488525,
            "compression_ratio": 0.5555555555555556,
            "no_speech_prob": 0.8509368896484375,
            "words": [
                {
                    "word": " Thank",
                    "start": 0.0,
                    "end": 0.46,
                    "probability": 0.017176760360598564
                },
                {
                    "word": " you.",
                    "start": 0.46,
                    "end": 0.46,
                    "probability": 0.9748044013977051
                }
            ]
        }
    ],
    "language": "en"
}